[{"date":"2023-01-01T00:00:00Z","event":"http://www.wikidata.org/entity/Q25055119","eventLabel":"2023 United Nations Security Council election"},{"date":"2023-01-01T00:00:00Z","event":"http://www.wikidata.org/entity/Q61746613","eventLabel":"2023 Salzburg state election"},{"date":"2023-01-01T00:00:00Z","event":"http://www.wikidata.org/entity/Q99755521","eventLabel":"2023 Special Olympics World Summer Games"},{"date":"2023-01-01T00:00:00Z","event":"http://www.wikidata.org/entity/Q101500085","eventLabel":"2023 European Athletics Indoor Championships"},{"date":"2023-01-02T00:00:00Z","event":"http://www.wikidata.org/entity/Q111633946","eventLabel":"2023 NHL Winter Classic"},{"date":"2023-01-01T00:00:00Z","event":"http://www.wikidata.org/entity/Q112731663","eventLabel":"2023 South American U-20 Championship"},{"date":"2023-01-21T00:00:00Z","event":"http://www.wikidata.org/entity/Q113613998","eventLabel":"UFC 283"},{"date":"2023-01-01T00:00:00Z","event":"http://www.wikidata.org/entity/Q113640513","eventLabel":"Campeonato Mundial de Vóley Playa de 2023"},{"date":"2023-01-01T00:00:00Z","event":"http://www.wikidata.org/entity/Q113995156","eventLabel":"2023 wildfire season"},{"date":"2023-01-01T00:00:00Z","event":"http://www.wikidata.org/entity/Q114127461"}]